Hindi,English
अथवा,Or
भाग ,Part
क्योंकि ,because
सिंह ,Lion
ठीक ,Fine
स्थिति ,Event
परन्तु ,But
स्थान ,Location
यही ,This only
क्यों ,why
गाँव ,village
राज्य ,state
अलग ,Separate
लेकर ,With
अभी ,Now
इसमें ,in this
विभिन्न ,Diverse
सी ,C
विचार ,Idea
जिस ,That
बाहर ,out
ऊपर ,above
बना ,Prepared
तैयार ,ready
अनेक ,Several
सामने ,Front
शिक्षा ,education
शरीर ,body
होकर ,In
दृष्टि ,Vision
श्री ,Mister
थीं ,Was
दूर ,far
शब्द ,Word
ध्यान ,attention
चार ,four
मेरी ,My
बड़ा ,big
पता ,Know
लगता ,Festive
आगे ,beyond
किया ,Did
उत्तर ,Answer
किन्तु ,But
आने ,Arrival
लगे ,Logged
लगभग ,About
इसे ,This
लाख ,lakh
बारे ,About
होना ,Happen
इससे ,From this
मात्रा ,Quantity
अध्ययन ,study
वाला ,Wave
जिसमें ,In which
नीचे ,below
अर्थ ,Meaning
लोक ,Folk
आवश्यक ,Necessary
हो ,Ho
माँ ,mom
छोटे ,Small
प्रतिशत ,Percent
शुरू ,Start
अगर ,If
इतना ,this much
आया ,Came
होगी ,Will be
मिल ,Mill
स्वयं ,Self
रात ,Night
बिना ,without
हमें ,Us
उपयोग ,Use
किए ,Done
महत्वपूर्ण ,important
मुख्य ,main
साल ,year
ज्यादा ,More
साहित्य ,Literature
पूर्व ,East
निर्माण ,Construction
विषय ,Subject
जिससे ,By which
देख ,See
चित्र ,Picture
लगी ,Lagged
प्रत्येक ,each
मनुष्य ,Human
गई ,Went
स्पष्ट ,Obvious
दिनों ,Days
रंग ,color
इसकी ,his
स्तर ,level
मेरा ,my
दूसरी ,Second
अच्छा ,Good
रोग ,Disease
काल ,Era
अच्छी ,Good
विज्ञान ,science
भाई ,brother
ज्ञान ,Knowledge
दिल्ली ,Delhi
बनाने ,Make
रुपये ,Rupees
रखा ,kept
आवश्यकता ,Need
आता ,come
कौन ,who
हों ,Ho
आर्थिक ,Economic
सहायता ,Help
अतिरिक्त ,spare
देर ,Late
तरफ ,Side
लेने ,Take
चला ,walked
सामाजिक ,social
समझ ,Understanding
मगर ,but
आते ,Come
बच्चे ,children
कला ,art
पत्र ,Letter
भीतर ,Inner
संस्कृति ,culture
उनमें ,In those
वर्ग ,Social class
विभाग ,Department
चाहता ,Want
सिर ,head
बताया ,Told
जगह ,location
वही ,Same
इतनी ,So much
स्थापित ,established
राष्ट्रीय ,National
स्वर ,Vocal
क्षेत्रों ,Areas
जिसके ,Whose
जन्म ,Birth
जाए ,Go
दौरान ,During
गांधी ,Gandhi
हाँ ,Yes
जनता ,public
किस ,What
केन्द्र ,Center
साहब ,Sir
पूर्ण ,Full
पुलिस ,police
बोला ,spoke
थईआ ,Thiaia
कमी ,Shortage
समस्या ,problem
कार्यक्रम ,Program
विवाह ,marriage
भूमि ,land
भाव ,Rate
देखकर ,by seeing
करोड़ ,Ten million
प्रथम ,First
मूल ,Original
परिवर्तन ,Change
बच्चों ,Children
लाभ ,profit
प्रदान ,Grant
आये ,Come
छोटी ,Small
स्त्री ,Woman
सेवा ,service
व्यवहार ,Behaviour
राम ,RAM
रचना ,Composition
की ,Of
भिन्न ,Different
मिट्टी ,Soil
देशों ,Countries
इनके ,Their
आती ,Come
सही ,Correct
उपलब्ध ,available
बल्कि ,Rather
प्राय ,At the time
बिजली ,Lightning
लेते ,Take
जान ,Life
बढ़ ,Enhancement
सारे ,all
शायद ,Perhaps
सरकारी ,Government
पड़ ,Fall
चुका ,Reproach
पड़ा ,Lying
विधि ,process
छोड़ ,leave
लिखा ,wrote
जबकि ,while
सिर्फ ,Only
दर्शन ,Visit
प्रक्रिया ,Process
दिखाई ,Visible
कुल ,Total
शब्दों ,Words
लाल ,red
निकल ,Out
नये ,New
रखने ,Keep
पंजाब ,Punjab
नदी ,river
गए ,went
मृत्यु ,Death
स्वीकार ,Accept
अन्तरिक्ष ,Space
आकर ,Size
याद ,memory
उठा ,picking
दूध ,Milk
कांग्रेस ,Congress
सारी ,all
माध्यम ,Channel
दूसरा ,Second
संबंध ,Relation
जिन ,Ginnie
चाहे ,Whether
चाहते ,Want
प्रणाली ,System
तभी ,Only
होंगे ,Will be
इनमें ,In these
सन ,Sun
मान ,Value
पुत्र ,Son
उद्देश्य ,purpose
विश्वास ,faith
पिछले ,last
ताकि ,So that
निश्चित ,Fixed
जिसका ,Whose
जानकारी ,Information
नेता ,Leader
बालक ,Boy
अन्त ,End
उचित ,Suitable
संगीत ,music
जल्दी ,Soon
क्षमता ,Capacity
हजार ,Thousand
जाएगा ,Will go
बनाया ,Make
पति ,Husband
कोशिश ,Effort
चुके ,Sailed
खाने ,Eating
फसल ,crop
प्रकृति ,nature
पौधों ,Plants
प्रकट ,Revealed
पक्ष ,Party
नीति ,policy
यद्यपि ,Though
मात्र ,Only
भारी ,heavy
पुस्तकालय ,Library
चले ,Let's go
समिति ,Committee
सामग्री ,material
चाहिये ,Want
अन्तर्गत ,Under
माल ,Goods
शामिल ,Involved
बोली ,Dialect
उनसे ,With them
अपेक्षा ,Expectation
हेतु ,For
नगर ,City
दिये ,Lamp
सम्बन्धी ,Related
पुस्तक ,Book
खुद ,Self
वर्णन ,Description
बने ,Made
जोर ,Loser
करें ,Do
लक्षण ,symptoms
नामक ,Nominated
वहीं ,There itself
तुम्हारे ,Your
विश्व ,World
शासन ,Government
वैसे ,By the way
युग ,Era
बैठ ,Seated
स्थापना ,Establishment
अर्थात ,In other words
सारा ,All
लेता ,Take
शैली ,Style
लें ,Take
पार्टी ,Party
गीत ,Song
अवसर ,Occasion
युद्ध ,war
मालूम ,Known
चारों ,All four
प्रकाश ,Light
जायेगा ,will go
बैठे ,Seated
तुम्हें ,You
समाप्त ,End
जाय ,Go
साफ ,clean
धार्मिक ,religious
ताप ,Heat
उल्लेख ,Mention
वर्तमान ,Current
लेना ,to take
थोड़ी ,Slightly
विकसित ,advanced
बन्द ,Off
प्रसिद्ध ,Famous
विशिष्ट ,Specific
प्रेम ,Love
चली ,Sustained
रखते ,Keep
भावना ,Feeling
चलता ,On
सिद्ध ,Proven
वालों ,People
चित्रों ,Images
पुरुष ,Male
पदार्थ ,Substance
चर्चा ,Discussion
खाना ,eat
उच्च ,High
इतने ,So much
दी ,Gave
दिए ,lamps
सीमा ,range
वस्तु ,Thing
पड़ी ,Lying
गति ,Speed
अत्यन्त ,Extremely
संगठन ,organization
कितना ,how much
इस्तेमाल ,Use
बाबा ,Dad
प्रकाशित ,Published
ढंग ,behaviour
अधिकार ,Right
उधर ,There
पड़े ,Lying
सके ,Sustain
सूचना ,information
अंग्रेजी ,English
सुन्दर ,Beautiful
पुनः ,Again
केंद्रीय ,Central
आधुनिक ,modern
शहर ,City 
प्रधानमंत्री ,Prime minister
ब्राह्मण ,Brahmin
उनको ,to them
महीने ,Month
अच्छे ,Good
हवा ,Air
शाम ,Evening
इधर ,here
संसार ,World
विरोध ,against
रखना ,Keep
प्रशिक्षण ,Training
संघ ,Federation
बनी ,Made
पृथ्वी ,Earth
ऊर्जा ,energy
हमने ,We
वास्तविक ,real
सहयोग ,help
तेल ,oil
अवधि ,duration
सात ,Seven
लगते ,Looks
मार्ग ,way
बंद ,Close
प्रचलित ,Prevailing
संघर्ष ,struggle
दिशा ,direction
स्थित ,Located
बैठा ,sat
वर्षों ,Years
अधिकांश ,majority of
शादी ,Marriage
वातावरण ,Climate
तुलना ,Compare
राजीव ,Rajeev
साधारण ,ordinary
सम्पूर्ण ,total
राजस्थान ,Rajasthan
सफल ,Success
कितने ,how many
वापस ,Back
मानसिक ,mental
परम्परा ,Tradition
बोले ,Speak
बीज ,Seed
खेल ,game
अंग ,Organ
बैठक ,meeting
जरूरत ,Need
इनकी ,Their
कथा ,Story
आयु ,age
बातचीत ,Conversation
प्रभावित ,Influenced
निर्धारित ,Determined
निकाल ,Out
घटना ,incident
कितनी ,How many
कवि ,Poet
रक्त ,blood
बालकों ,Boys
किसान ,Farmer
इच्छा ,desire
आयी ,Come
बजे ,time
चेहरे ,Face
गुण ,Property
आकार ,Shape
हृदय ,Heart
राज ,Rule
मार ,Kill
चुकी ,Tailed
यात्रा ,journey
नष्ट ,Destroyed
खेती ,Farming
सुबह ,Morning
नयी ,New
जिन्हें ,Whom
आरम्भ ,Launch
सुनकर ,Hearing
वायु ,Wind
नजर ,vision
थोड़ा ,Little
खाली ,empty
ॐ ,Om
खोज ,Search
एकदम ,At once
व्यक्तियों ,Individuals
राजनीतिक ,Political
आँखें ,eyes
संबंधित ,regarding
तेज ,Quick
जरा ,just
व्यक्तित्व ,the personality
बदल ,change
सवाल ,Question
उपभोक्ता ,Consumer
उपज ,Yield
सुख ,Happiness
मानते ,Believe
मकान ,House
तेजी ,Rapid
जुलाई ,july
प्रयत्न ,try
देवता ,God
जानते ,Know
कपड़े ,clothes
संभव ,possible
सकता ,can
मदद ,help
वास्तव ,Reality
निकट ,Close
चलते ,Go
बाकी ,Remainder
सोच ,Thinking
समस्त ,All
सदस्य ,Member
कठिन ,Rigorous
अरे ,Oho
राज्यों ,States
नया ,new
सीधे ,Straight
फूल ,flower
किस्म ,Variety
अभाव ,Lack
जरूरी ,Necessary
सेना ,army
श्रम ,Labour
विदेशी ,Foreigner
बाल ,Hair
पुराने ,Old
किंतु ,But
विस्तार ,Detailed
जाएगी ,Will go
छोटा ,Small
वनस्पति ,Vegetable
खर्च ,Expense
पार ,Cross
अधिकारी ,entitled
चलने ,Walking
आशा ,hope
सुधार ,Improvement
विशाल ,vast
पूर्ति ,Supply
डाल ,Branch
जानता ,knows
महसूस ,Feel
बोल ,Lyrics
प्रतीत ,Appear
अध्यक्ष ,President
सीखने ,Learn
वर्ण ,Character
व्यापक ,Comprehensive
भविष्य ,future
ध्वनि ,Sound
प्रयुक्त ,Used
प्रचार ,Publicity
प्यार ,Love
शिक्षण ,Teaching
शेष ,remaining
मार्च ,march
दुनिया ,world
ख्याल ,Care
प्रगति ,progress
गैस ,Gas
लगातार ,Continuously
तौर ,Form
उन्हीं ,They
सुरक्षित ,safe
सभा ,Meeting
लौट ,Back
लागत ,cost
बनाये ,Made
दर्द ,Pain
आखिर ,Finally
सोचा ,Think
दें ,Give
चीज ,Thing
कल्पना ,fancy
लक्ष्य ,Target
चाय ,Tea
खूब ,Plenty
श्रीमती ,mrs
लाने ,Bring
मुक्त ,Free
बुद्धि ,wisdom
पश्चिम ,west
खेत ,Farm
होनी ,Having
चाहती ,Want
उपयुक्त ,fit
अंत ,Ending
साधन ,means
संकेत ,clue
वस्तुओं ,Objects
मामले ,Case
बनाकर ,By making
सहज ,Simple
सदा ,Always
शारीरिक ,Body
पकड़ ,Hold
उपाय ,Measure
संस्थान ,Institute
सफलता ,Success
बाबू ,Baboo
तुम्हारी ,Your
भूल ,Forget
आत्मा ,soul
विचारों ,Ideas
रखी ,Laid
भूमिका ,Role
पैर ,feet
करे ,Do
हाथों ,Hand
भवन ,Building
नियम ,rules
दिल ,Heart
तकनीकी ,technology
जिसकी ,Whose
शिशु ,Infant
व्यय ,Expense
पेट ,Abdomen
नींद ,Sleep
नेताओं ,Leaders
अंदर ,Inside
लागू ,Applicable
बनने ,Form
त्वचा ,skin
गायन ,Singing
राजनीति ,Politics
जमा ,Deposit
सुविधा ,Facility
बोर्ड ,Board
कानून ,Law
शुरु ,Start
लेखक ,Author
बावजूद ,Despite
क्रम ,Order
लगने ,Settling
तुमने ,You
हाल ,Condition
सम्भव ,Probable
स्टेशन ,station
अगले ,Next
रास्ते ,Way
मस्तिष्क ,Brain
गर्म ,warm
संबंधी ,relative
यानी ,i.e
पुरानी ,Old
चित्रण ,Illustration
अधिकारियों ,Officers
संस्कृत ,Sanskrit
सुन ,Listen
युवक ,young boy
पाठ ,"Lesson, "
स्थानों ,Places
वर्षा ,Rain
रखकर ,By keeping
पशु ,cattle
किसानों ,Farmers
सत्ता ,Power
प्राप्ति ,Receipt
दवा ,medicine
खास ,Special
कमेटी ,Committee
अंक ,score
हानि ,Loss
सरल ,easy
सिंचाई ,Irrigation
शिकार ,Hunt
वृक्ष ,Tree
करेंगे ,will do
औद्योगिक ,Industrial
आधारित ,based
हत्या ,the killing
सहकारी ,Co -operative
विवरण ,Description
रोज ,Daily
मुझसे ,with me
आना ,To come
मौसम ,Season
आँखों ,Eyes
शुद्ध ,Pure
भेद ,Difference
विपरीत ,Adverse
लम्बी ,Long
बनाना ,make
दृष्टिकोण ,Approach
गलत ,Wrong
समर्थन ,Support
सम्मेलन ,the seminar
सचमुच ,Really
बुद्ध ,Buddha
बच्चा ,Child
दीवार ,Wall
आंखों ,Eyes
अध्याय ,Chapter
अत्यधिक ,Excessive
सहित ,Including
योग ,Total
मुख ,Face
बिहार ,A state in Eastern India
काव्य ,Poetry
सिद्धांत ,Theory
सार्वजनिक ,Public
लघु ,Small
बता ,Tell
परस्पर ,Mutually
तार ,Wire
चूर्ण ,Powder
आयोजन ,events
सांस्कृतिक ,Cultural
समझने ,To understand
वाद्य ,Instrumental
प्रतीक ,Sign 
तुम्हारा ,Your 
छात्र ,student
चुप ,Mute
अक्सर ,often
जायेगी ,Will go
रखे ,Keep
भार ,Burden
फलों ,Fruit
जीवित ,Living
आजकल ,now-a-days
विस्तृत ,comprehensive
गिर ,Gir
गुरू ,Guru
खाद्य ,Food
उतर ,North
अमेरिका ,America
सुना ,heard
स्थानीय ,Local
विषयों ,Subjects
घंटे ,hours
कराने ,Conduct
उतना ,So much
शताब्दी ,Century
व्यवसाय ,occupation
मंदिर ,Temple
परिचय ,Introduction
गांवों ,Villages
बाँध ,dam
निश्चय ,Surety
उपकरण ,equipment
आतंकवादियों ,Militant
वैदिक ,Vedic
भागों ,Parts
अंश ,Part
सूत्र ,Formula
विविध ,Diverse
बारह ,Twelve
फलस्वरूप ,Consequently
काट ,cutting
अधिकतर ,mostly
स्वाभाविक ,Natural
वाक्य ,sentence
बैठी ,Sitting
परिस्थितियों ,Circumstances
सूर्य ,Sun
शत्रु ,enemy
पत्तियों ,Leaves
नियोजन ,Planning
ग्रन्थ ,Book
कही ,Somewhere
उम्र ,Age
अग्नि ,Fire
सिख ,Sikh
बाप ,father
पाकिस्तान ,Pakistan
पश्चात् ,Later
चिन्ता ,Fanciful
आयोजित ,Held
वाद्यों ,Instruments
मुसलमान ,Muslim
भेज ,Sending
बैंक ,Bank
नारी ,Woman
अंतिम ,The last
समुद्र ,Sea
संग्रह ,Collection
लेती ,Take
दृश्य ,Scene
खाद ,Fertilizer
आलोचना ,Criticism
हैक्टर ,Hectare
विरोधी ,Opponent
पश्चिमी ,Western
धान ,Rice 
डाक ,post
कदम ,Step
आकाश ,sky
स्थायी ,permanent
वितरण ,delivery
वंश ,Linage
रोक ,Stop
प्रेरणा ,Inspiration
चीनी ,Sugar
औरत ,women
अप्रैल ,april
अनिवार्य ,mandatory
सकें ,Can
महिला ,Woman
पहचान ,Identification
क्रमशः ,Respectively
सैनिक ,soldier
वजह ,Reason
लकड़ी ,wood
रुपये ,Rupees
बढ़ा ,Raised
पीठ ,Back
पाई ,Pie
डाक्टर ,Doctor
सम्पर्क ,Contact
वीं ,Genuine
माननीय ,Honourable
मूल्यांकन ,evaluation
गाय ,cow
क्षण ,Moment
हालत ,condition
संदर्भ ,Reference
बीस ,Twenty
दोष ,Shortcoming
जीव ,Life
चित्रित ,Painted
खान ,Mine
खुशी ,Happiness
रोजगार ,Employment
रिपोर्ट ,Report
मंत्रालय ,Ministry
प्राथमिक ,primary
प्रदर्शित ,Displayed
धारणा ,perception
ताल ,rythm
जंगल ,Forest
सका ,could
यान ,Vanity
उपक्रम ,Enterprise
अंकित ,Ankit
शिव ,Shiv
त्याग ,Sacrifice
जिसने ,Whosoever
गरम ,Hot
समाचार ,news
शाखा ,Branch
बुरी ,Bad
डाला ,Pouring
जून ,june
ज्ञात ,Known
गर्भ ,Pregnancy
कर्मचारियों ,Employees
मामलों ,Matters
बजाय ,instead
तरीके ,Manner
आदर्श ,Ideal
हिस्सा ,stake
संरचना ,structure
स्पर्श ,Touch
जनवरी ,January
चित्रकला ,drawing
चरित्र ,character
क्षेत्रीय ,Regional
क्यू ,Why
रखता ,Keeps
बिक्री ,Sales
पुस्तकों ,Books
निर्मित ,made
जैन ,Jain
गले ,Throat
ग्रा ,Gram
खराब ,Bad
करो ,Do
कक्षा ,Class
आश्चर्य ,Wonder
रास्ता ,Way 
युक्त ,Rich
बनाए ,Make
बेटा ,Son
बेटे ,Son
प्रबन्ध ,Managing
निम्नलिखित ,Following
चेहरा ,face
अर्जुन ,Arjuna
सम्मान ,Respect
यथार्थ ,Reality
बहू ,Daughter in law
ध्वनियों ,Sounds
जिन्होंने ,Who
छाया ,shadow
खबर ,News
संकट ,crisis
बेटी ,daughter
पशुओं ,Animals
अति ,Extreme
समझता ,Understand
रोकने ,Stop
भक्ति ,Devotion
दशा ,Condition
चलती ,Moving
घास ,Grass
कथन ,Statement
सामान ,Belongings
मजदूरी ,Wage
भरी ,Stuffed
बिलकुल ,Absolutely
दूसरों ,Others
गरीब ,Poor
अस्तित्व ,Existence
अकेले ,Lonely
सौन्दर्य ,Beauty
साहसी ,Daring
समझते ,Understand
विद्युत ,Electricity
लिखी ,Written
नाटक ,play
धूप ,sunshine
दरवाजे ,Doors
कमजोर ,Weak
आदत ,habit
सम्प्रदाय ,Sect
शोध ,Research
वीर ,Daring
रुपया ,Rupee
मौत ,Death
भले ,Good
प्रसन्न ,Happy
निजी ,private
जातियों ,Castes
गीतों ,Songs
कीट ,Insect
उतनी ,So much
अभ्यास ,practice
रंगों ,Colors
मान्यता ,assumption
मजबूत ,Strong
भीड़ ,crowd
नियमों ,Rules
उठता ,Arms
आनन्द ,Joy
विष ,Poison
प्र ,Soul
तमाम ,All
चिन्ह ,Sign
स्थिर ,Stable
शराब ,wine
वैज्ञानिकों ,Scientists
पहुंचा ,reached up
नियमित ,Regular
नवीन ,latest
गहरी ,Deep
ऊष्मा ,Heat
उत्तम ,Excellent
शास्त्र ,ethology
माह ,Month
मालिक ,Owner
भला ,Good
भरे ,Filled
बनाई ,Prepared
गरीबी ,poverty
आन्दोलन ,Movement
विद्या ,Knowledge
पारिवारिक ,Family
तोड़ ,the break
चीजें ,Things
कठोर ,Harsh
अनुपात ,ratio
हरियाणा ,Haryana
सम्पन्न ,Rich
विधान ,Legislation
राय ,opinion
तुरन्त ,Immediately
आपस ,Utterance
अधीन ,Subordinate
शिक्षक ,Teacher
विजय ,victory
लेख ,article
महोदय ,Sir
भी ,also
फरवरी ,February
पित्त ,Bile
प्रत्यक्ष ,Prima facie
तर्क ,Argument
जेल ,Jail
चुपचाप ,Silently
करा ,Kara
अनुकूल ,Friendly
विष्णु ,Vishnu
यों ,Like
भूख ,hunger
बांस ,bamboo
बनता ,Manufacture
बनकर ,be made
बैठकर ,Seated
पात्र ,Pot
पूर्वी ,East
कठिनाई ,Difficulty
इत्यादि ,And so on
सदस्यों ,Members
मूत्र ,Urine
भरा ,full
बुरा ,bad
घोषणा ,announcement
खोल ,Shell
खुश ,Happy 
खेतों ,Fields
कोश ,Thesaurus
उपस्थित ,Present
अभिव्यक्ति ,Expression
श्रेष्ठ ,Best 
नाग ,snake
नाक ,nose
जाता ,go
छूट ,discount
घरों ,Houses
खून ,Blood
करेगा ,Will do
उतार ,Unloaded
अपराध ,crime
अधिनियम ,Act
साहस ,courage
सर्वप्रथम ,the very first
पढ़ाई ,Reading
दिखायी ,Visible
दुख ,Sadness
अगस्त ,august
साथी ,mate
सक्रिय ,active
पढ़ने ,Reading
पढ़ ,Read
चालू ,Working
आधा ,half
समितियों ,Committees
सूची ,List
विवेचन ,Deliberation
मनोविज्ञान ,Psychology
पहुंचे ,Reached
पुस्तकें ,Books
किशोरी ,teenager
इस्पात ,steel
सामना ,Cope
व्याख्या ,explanation
फुट ,Foot
दिमाग ,mind
कर्मचारी ,Staff
असर ,effect
अफसर ,Officer
सतह ,Surface
विचित्र ,strange
बैल ,ox
तहत ,Under
केन्द्रों ,Centers
अम्ल ,Acid
संरक्षण ,protection
सुनने ,Listen
वाणी ,Voice
लोहे ,Iron
यंत्र ,Machine
भाषाविज्ञान ,language science
बोलने ,Speaking
बोध ,Perception
प्रकाशन ,Publication
टूट ,break
चरक ,Charak
खाते ,Account
कान ,Ear
उद्योगों ,Industries
आक्रमण ,Invasion
अंग्रेजों ,British
संभावना ,prospect
यथा ,As
भेजा ,Sent
बनाते ,Create
नरेश ,Naresh
दो ,two
चोरी ,theft
चित्रकार ,Painter
कहे ,saying
स्वतन्त्र ,Independent
सूरज ,sun
सूक्ष्म ,Micro
विशेषता ,Speciality
लिख ,Write
मास ,Mass
पंचायत ,jury
चरण ,phase
गली ,Street
खुले ,Open
कुर्सी ,Chair
सन्दर्भ ,Reference
स्त्रोत ,Source
वर्गीकरण ,Classification
महाभारत ,Mahabharata
फैल ,Spreading
पेश ,Present
प्रौद्योगिकी ,Technology
पुराण ,Purana
निर्धारण ,Determination
चीन ,China
शिकायत ,complaint
विद्यालय ,School
वस्तुतः ,Virtually
लाया ,brought
बहन ,Sister
पक्षी ,Bird
निर्यात ,Export
ना ,No
जाये ,Go
ज्यों ,As
चक्कर ,Dizziness
गोली ,Gun Shot
कल्याण ,welfare
क्रोध ,Anger
कराया ,Done
इंका ,Inka
सीधा ,straight
संचार ,communication
विरुद्ध ,Opposite
विद्वानों ,Scholars
लम्बे ,Long
भुगतान ,the payment
तुझे ,You
चयन ,Selection
घोड़े ,Horses
उच्चारण ,pronunciation
सोने ,Gold
मौका ,Opportunity
मोटे ,fatty
भाषण ,lecture
निकला ,Out
देवताओं ,Gods
उत्पत्ति ,Produce
शहरी ,urban
शक्ति ,Power
राष्ट्रपति ,president
महाराज ,King
मन्दिर ,Mandir
इन्द्र ,Indra
अपेक्षित ,expected
अंतर्गत ,Under
अजीब ,weird
संस्कार ,Secrament
समाधान ,Solution
शूल ,Shool
लिखे ,Wrote
रहेगा ,Will be
रमेश ,Ramesh
जड़ ,Root
अधिगम ,Learning
सर्वाधिक ,Most
मानता ,agrees
मन्त्री ,Minister
बाढ़ ,flood
बजट ,budget
नुकसान ,Harm
थोड़े ,A little
जाल ,Net
जानने ,Learn
कम्पनी ,Company
कक्ष ,Chamber
उपकरणों ,Devices
उत्पन्न ,Yield
उठकर ,By getting up
इसको ,It
साम्राज्य ,Empire
संशोधन ,Amendment
राजाओं ,Kings
पसन्द ,Paste
छात्रों ,Students
गहरा ,Deep
किलोग्राम ,Kilogram
कालेज ,College
उल्लेखनीय ,Remarkable
उपलब्धि ,achievement
उत्साह ,excitement
मजदूर ,Labour
प्रार्थना ,Prayer
छिड़काव ,Spraying
समुदाय ,Community
शोथ ,Inflammation
लोरिक ,Lorik
बौद्ध ,Buddhist
बाग ,Garden
बचा ,Left out
पहाड़ी ,Hill
प्रोत्साहन ,Incentive
प्रबल ,Predominant
पदार्थों ,Substances
पूंजी ,Finance
जगत ,Universe
घोल ,Pellet
एकता ,Unity
सोचने ,Think
सामान्यतः ,Generally
स्वतंत्रता ,Freedom
वित्तीय ,financial
मानकर ,Assuming
भौतिक ,Physical
पाठ्यक्रम ,Syllabus
परिणामस्वरूप ,the resulting
पर्वत ,Mountain
तलाश ,search
गोद ,Lap
गांधीजी ,Gandhiji
का ,Of
अन्तर्राष्ट्रीय ,International
सहन ,tolerate
शेर ,Lion
वैसा ,Like this
वस्त्र ,Clothes
लक्ष्मी ,Laxmi
रूक ,Stroke
मुक्ति ,Freedom
प्रोटीन ,Protein
चलकर ,By walking
गंभीर ,serious
आधी ,Half
अंकन ,Marking
हिंदी ,Hindi
शान्त ,Shant
शांति ,peace
वर्गों ,Classes
वृक्षों ,Trees
रोगों ,Diseases
बम्बई ,Bombay
प्रथा ,Practice
चीजों ,Things
अतएव ,So
सकती ,Can
महिलाओं ,Women
बाह्य ,External
प्रेरित ,Inspired
निहित ,Implied
दिखाया ,Shown
डालने ,Pouring
डेढ़ ,One and a half
गैर ,Non -
सम्पत्ति ,Property
श्रद्धा ,Admiration
वार्ता ,Dialogue
लड़कों ,Boys
मानने ,To accept
मुझ ,Me
नमक ,Salt
छवि ,image
चाचा ,uncle
चलो ,Let's go
करेगा ,Will do
हिमाचल ,Himachal
स्मिता ,Smita
स्थल ,Site
रखती ,Keeps
रकम ,cost
पहुंचने ,Reach
नाना ,Grandfather
दरवाजा ,Door
दुकान ,shop
ठोस ,concrete
जेब ,Pocket
चिन्तन ,Thinking
गर्मी ,Heat
खरीद ,Purchase
क्रांति ,revolution
ऋतु ,Season
सुनाई ,Hearing
विद्यालयों ,Schools
लिखने ,Write
लखनऊ ,Lucknow
राग ,Raga
बरस ,Year
ब्रज ,Braj
पश्चात ,Subsequent
डाली ,branch
गृह ,home
अकाली ,Akali
सावधानी ,caution
सेवन ,Consumption
स्वतन्त्रता ,Independence
शून्य ,Zero
विद्यार्थियों ,students
मोटी ,fat
भ्रष्टाचार ,Corruption
देह ,Body
तेरे ,Your
कार्रवाई ,Action
कार्यवाही ,Proceeding
इस्लाम ,Islam
आश्रम ,Hermitage
आकर्षण ,Attraction
हिस्से ,Parts
सम्राट ,King
परेशान ,upset
परम्परागत ,Traditional
दिसम्बर ,December
जनसंख्या ,Population
घोषित ,Declared
ऋषि ,Sage
अखबार ,Newspaper
रूपों ,Forms
भस्म ,Ash
बगल ,Next
परिस्थिति ,Situation
निगम ,Corporation
नारायण ,Narayan
तुरंत ,immediately
ढोला ,Dhola
डालकर ,By putting
चावल ,Rice
गणेश ,Ganesha
कार्यक्रमों ,Programs
उठी ,Got up
ईश्वर ,God
आतंकवादी ,Terrorist
आँख ,eye
अदालत ,court
होटल ,hotel
हार ,Defeat
हजारों ,Thousands
संदेह ,doubt
संक्षिप्त ,Short
विद्वान ,Scholar
व्रत ,fast
महत्व ,Importance
भयंकर ,Terrifying
बेहतर ,Better
ब्रिटिश ,British
प्रिय ,Dear
नियुक्त ,Appointed
गम्भीर ,Serious
उक्त ,Extended
अमल ,Execution
हवाई ,airy
हरे ,Green
स्वर्णमंदिर ,Golden temple
ली ,Took
मामला ,Case
मछली ,fish
बचपन ,Childhood
बैंकों ,Banks
पान ,Paan
प्राण ,Life
प्रतिक्रिया ,feedback
जीवाणु ,Bacteria
छाती ,Chest
गढ़वाल ,Garhwal
खुला ,open
कार ,car
क्रियाओं ,Actions
अम्मा ,Mother
अंगों ,Organs
सन्देह ,Doubt
विवाद ,dispute
लड़कियों ,Girls
बाहरी ,external
बारी ,Turn
प्लेग ,plague
पुरुष ,Male
दोपहर ,afternoon
तमिल ,Tamil
चौधरी ,Chieftain
आचरण ,the manner
अनाज ,Cereal
ही ,Sole
सिरे ,Tip
साढ़े ,Half -and -a -half
संयोग ,a coincidence
विमर्श ,Discussion
विधियों ,Methods
व्यावहारिक ,practical
वचन ,promise
रात्रि ,Night
भावों ,Expressions
भेंट ,Gift
बुआई ,Sowing
पैरों ,Legs
पुराना ,old
प्रतीक्षा ,Wait
पत्रों ,Letters
पड़ेगा ,Will have
जाओ ,Go
किस्मों ,Varieties
किन ,Kin
उठे ,Got up
आचार्य ,Teacher
आई ,I
अफ्रीका ,Africa
अतीत ,Past
हल्के ,Mild
सागर ,sea
शाह ,Shah
शान्ति ,Peace
विदेश ,Foreign
वजन ,Weight
लाखों ,Millions
प्रारंभ ,Start
प्राणियों ,Creatures
निर्देश ,instructions
दावा ,Claim
दे ,Give
चाहा ,Wanted
उदास ,Downhearted
उत्तरी ,Northern
असली ,Real
हिम्मत ,Courage
हरी ,Greenery
स्नेह ,love
शासक ,ruler
बदले ,Change
बचाने ,Save
प्रतिनिधि ,Representative
दरअसल ,Actually
देखभाल ,Care
तने ,Stem
जानती ,Knowing
केंद्र ,Center
औषधि ,Medicine
उत्सव ,festival
इनसे ,from these
साथियों ,Peers
संसाधन ,resources
सदन ,House
सूखे ,Dried
संकल्प ,resolution
शक्तिशाली ,Powerful
व्यर्थ ,in vain
मिश्रण ,Mixture
बोरोन ,Boron
निकालने ,Removal
घूम ,Wander
गुस्सा ,anger
क्षति ,Damage
उठती ,Rose
अरब ,Arab
अत्यंत ,Extremely
अक्षर ,Letter
संस्थानों ,Institutions
सुपर ,Super
संगठनों ,Organizations
विशेषकर ,Especially
वेद ,Veda
महाराजा ,King
भरत ,Bharat
बोझ ,Burden
बादल ,Cloud
बयान ,Statement
पत्तियां ,Leaves
चढ़ ,Climbing
उम्मीद ,Hope
उपेक्षा ,Ignore
सिद्धान्तों ,Principles
स्व ,Self
सुनते ,Hearing
सकते ,Can
रबड़ ,rubber
मेल ,Match
मेकअप ,Makeup
भूत ,ghost
बनते ,Bun
प्रशंसा ,appreciation
प्रतिदिन ,daily
पूछ ,Ask
दबाव ,Pressure
दण्ड ,Punishment
टुकड़े ,pieces
गहराई ,depth
खींच ,Stretch
उर्वरक ,Fertilizer
हिंसा ,violence
साधना ,meditation
सेवाओं ,Services
सर्वथा ,Utterly
लेखन ,Writing
परेशानी ,Trouble
प्रताप ,Pratap
पेड़ों ,Trees
चेष्टा ,effort
व्याकरण ,Grammer
लाइसेंस ,License
ललित ,Lalit
रूस ,Russia
मील ,Mile
बर्फ ,ice
पाप ,Sin
पुत्री ,Daughter
दफ्तर ,Workplace
जानवर ,animal
गाने ,Songs
कार्यकर्ता ,Worker
कलाकारों ,Artists
करता ,Do
उत्पाद ,Product
आएँ ,Come
सोचते ,Thinking
सीख ,Learning
सास ,mother-in-law
वीणा ,Veena
यूरेनियम ,Uranium
मौलिक ,original
मारने ,Kill
मुहम्मद ,Muhammad
बिल ,Bill
बचत ,Savings
प्रावधान ,provision
पचास ,fifty
नागरिक ,citizen
नेहरू ,Nehru
देन ,Gift
गिरने ,Fall
गहरे ,Deep
उपन्यास ,Novel
इलाके ,the areas
आन्तरिक ,Internal
हिन्दुस्तान ,Hindustan
संसद ,Parliament
स्वीकृति ,Acceptance
संपर्क ,Contact
विभाजन ,Division
लौटने ,Return
मंच ,Forum
भाग्य ,fate
बेहद ,Extremely
बुलाया ,called
पाए ,Found
प्रयोगशाला ,the laboratory
प्रमाणित ,Certified
प्रभावशाली ,impressive
जीत ,Victory
जानवरों ,Animals
गुस्से ,Anger
गर्दन ,Neck
गुरू ,Guru
अधिकतम ,Maximum
सृष्टि ,Nature
शिक्षित ,Educated
शहद ,Honey
वरन ,Varan
रोम ,Rome
बदन ,body
फैला ,Split
फेंक ,Throw
पिछड़े ,Backward
परिश्रम ,Hard work
परिवारों ,Families
परिभाषा ,definition
प्रारम्भिक ,Preliminary
पुरुषों ,Men
निरीक्षण ,Supervision
दास ,Slave
देव ,God
ताकत ,might
तंत्र ,Mechanism
तत्कालीन ,contemporaneous
तकनीक ,Technique
चलाने ,Run
गठन ,Build
अनुभूति ,Feeling
हिन्दुओं ,Hindus
हिंदू ,Hindu
हालांकि ,Although
सामूहिक ,the collective
सरकारों ,Governments
संयंत्र ,plant
सुंदर ,Beautiful!
सृजन ,Creation
वैसी ,Likely
लावनी ,Lavani
लक्षणों ,Symptoms
राहुलजी ,Rahul ji
युवा ,young
मूर्ति ,statue
बेर ,Berry
पाण्डु ,Pandu
ध्रुपद ,Dhrupad
तथ्यों ,Facts
ढेर ,Pile
जायें ,Go
ग्रन्थों ,Texts
गणित ,mathematics
कहानियों ,Stories
अशोक ,Ashoka
साबित ,Proven
समझना ,Understand
संज्ञा ,noun
शांत ,Calm
श्रीलंका ,Sri Lanka
श्रमिक ,Laborer
शर्त ,term
लिपि ,Script
मानवीय ,human
पक्षियों ,Birds
निवासी ,resident
तुलनात्मक ,Comparative
चमक ,Glow
गोल ,round
खाकर ,after eating
कोट ,Coat
इंच ,Inch
आसन ,Posture
अकेला ,alone
शर्मा ,Sharma
विश्वविद्यालय ,university
विधायक ,MLA
वर्मा ,Varma
वैद्य ,Vaidya
राजस्थानी ,Rajasthani
मानना ,Accept
भरपूर ,abundant
भगत ,follower
बस्ती ,colony
बैठने ,Sit
प्रतिभा ,Talent
प्रजा ,People
प्रकोप ,the outbreak
नायक ,hero
दोस्त ,Friend
तिवारी ,Tiwari
घड़ी ,watch
गलती ,Mistake
कार्बन ,Carbon
उपचार ,remedy
ईसाई ,Christian
आवेदन ,Application
आयुर्वेद ,Ayurveda
आदर ,respect
अत्याचार ,Torture
हिमालय ,Himalaya
हंस ,goose
सोचता ,Thinking
विश्वनाथ ,Vishwanath
वेतन ,salary
मथुरा ,Mathura
भाभी ,sister in law
भेजे ,Sent
ब्यूरो ,Bureau
बनती ,Manufacture
पक्षों ,Sides
घरेलू ,domestic
गणना ,Calculation
कहलाता ,Calling
कलावती ,Kalavati
करना ,do
उदाहरणार्थ ,For example
उड़ ,Flying
आघात ,the strokes
हमला ,assault
व्यावसायिक ,commercial
लोकप्रिय ,popular
रेलवे ,railway
मिश्रित ,miscellaneous
महान ,Great
मेहनत ,Hard work
बिन्दु ,the dot
फलतः ,Consequently
प्रोफेसर ,Professor
प्रचलन ,the trend
औसत ,average
एकाएक ,Suddenly
उपस्थिति ,appearance
उन्नति ,Development
आधे ,Half
अली ,Ali
सरस्वती ,Saraswati
समर्थ ,Capable
सम्भवतः ,Probably
सड़कों ,Roads
विशेषज्ञ ,specialist
विद्रोह ,Rebellion
वात ,Air
व्यस्त ,Busy
लाकर ,Lacquer
राव ,Rao
योजनाओं ,Plans
मंत्र ,mantra
बताने ,tell
बताते ,Telling
प्रश्नों ,Questions
पकड़ा ,caught
नोट ,note
निवेदन ,Submission
न्याय ,Justice
धूल ,dust
दाने ,Grain
दान ,charity
देवीगढ़ ,Devigarh
तरल ,liquid
कोरियाई ,Korean
किलोमीटर ,Kilometer
किताब ,Book
क्षमा ,pardon
इंजन ,engine
आए ,Returns
असफल ,fail
हल्की ,Mild
सावित्री ,Savitri
सरदार ,Sardar
सगर्भता ,Sarginess
शुभ ,good
लहर ,Wave
लेखा ,Account
मासिक ,Monthly
मद्रास ,Madras
मंगल ,Mars
भली ,Well
भेजने ,Send
बिजलीघर ,Electricity house
बनाता ,Create
पवित्र ,Holy
परिषद ,council
परि ,Angel
पूछा ,Asked
नौकर ,Servant
निकालकर ,by removing
नासिक्य ,Nashikya
तापमान ,temperature
तरीका ,method
झूठ ,Lie
जाती ,Jet
छुट्टी ,holiday
घाट ,Ghat
गोबर ,cow-dung
कामों ,Works
कश्मीर ,Kashmir
ऊंची ,High
उन्नत ,Advanced
आजाद ,Azad
आग्रह ,request
अमृतसर ,Amritsar
अनु ,Compliance
अद्भुत ,stunning
अतः ,Therefore
सिखों ,Sikhs
साधु ,Saint
संदेश ,Message
लिखित ,written record
लेप ,Paste
मर्यादा ,Modesty
मेज ,Table
मुख्यतः ,Mainly
भाजपा ,B J P
बेकार ,useless
पैदावार ,yield
नाश ,Destruction
दलों ,Parties
जापान ,Japan
गोपाल ,Gopal
कोशिकाओं ,Cells
काटने ,Cutting
कूद ,Jump
उपदेश ,Sermon
उड़ान ,flight
अंतरिक्ष ,space
सहसा ,Suddenly
व्यास ,Diameter
मित्रों ,Friends
भोग ,Indulgence
बुला ,Call
प्रातः ,In the morning
पढ़ा ,Read
पढ़ते ,Reading
घोड़ा ,horse
गुफा ,Cave
खुल ,Open
खुराक ,diet
उपायों ,Measures
उपयोगिता ,utility
इलाज ,treatment
आवाज़ ,sound
आलू ,potato
हटा ,Remove
स्वस्तिक ,Swastika
समीक्षा ,Review
संक्रमण ,Infection
सैकड़ों ,Hundreds
शोर ,noise
शब्दावली ,Glossary
यौगिक ,Compound
मना ,deny
मंडल ,Board
बचने ,Escape
प्रेमनाथ ,Premnath
परम ,Supreme
निधि ,Fund
नेताजी ,Netaji
चुनौती ,the challenge
गौतम ,Gautam
खिड़की ,window
किस्में ,Varieties
करते ,Do
कटाई ,Harvesting
असाधारण ,Extraordinary
स्मरण ,Reconciliation
समग्र ,Overall
सुनी ,Listening
रेडियो ,radio
मामूली ,Mild
बीमार ,Sick
फायदा ,Benefit
पुराणों ,Puranas
प्रस्तावों ,Proposals
प्रधानता ,Primacy
पन्द्रह ,Fifteen
नाव ,boat
तुल्फ ,Tulf
तत्काल ,Immediately
जोड़ा ,couple
चाल ,Speed
चूहे ,mice
चलना ,Walking
गाया ,Sung
गला ,throat
खैर ,So
कोर्ट ,Court
कराना ,Do
कंपनी ,company
इसने ,He
इनको ,To them
अर्थव्यवस्था ,Economy
अंचल ,Zone
हल्का ,Light
सुनिश्चित ,make sure
वरना ,Otherwise
बुनियादी ,Basic
दैनिक ,Daily
जुड़े ,Linked
खुली ,open
कुमार ,Youth
कुमाऊँ ,Kumaon
आंगन ,Courtyard
